id,speed
0,48.714737
1,47.716515
2,38.065308
3,32.564594
4,40.631237
5,24.075022
6,19.418869
7,49.580529999999996
8,48.696743
9,28.909940000000002
10,30.75677
11,25.39408
12,26.241463
13,25.434347
14,25.513966
15,41.120674
16,43.211853000000005
17,48.81435
18,48.010067
19,48.90917
20,45.956345
21,43.262306
22,20.470415
23,31.942152
24,28.164423
25,19.795914
26,20.079863
27,19.345936
28,14.870937
29,11.801306
30,23.551374
31,49.144276
32,49.072742
33,28.945908000000003
34,28.268223
35,25.799145000000003
36,19.850948000000002
37,19.544594
38,46.949295
39,41.622616
40,47.656234999999995
41,48.12758
42,49.173744
43,43.973713000000004
44,19.977654
45,17.7114
46,17.191967
47,8.445016
48,46.38398
49,48.182266
50,48.310016999999995
51,25.703692999999998
52,19.775852
53,18.450483
54,19.049201999999998
55,19.9351
56,15.519293
57,17.473724
58,31.280931
59,34.670963
60,43.653434999999995
61,39.510086
62,40.971615
63,43.596835999999996
64,44.319584000000006
65,47.63759
66,47.505127
67,45.65023
68,42.905678
69,27.468199
70,24.092726000000003
71,20.609236
72,16.256683
73,16.19867
74,12.786548
75,6.196287
76,40.32778
77,38.329285
78,42.699333
79,47.92754
80,13.87635
81,18.225174
82,21.17739
83,15.118541
84,15.077356
85,12.294245
86,21.068111
87,35.208490000000005
88,43.148697
89,41.435696
90,48.355090000000004
91,47.644444
92,46.659836
93,46.118595
94,26.422817
95,14.374239000000001
96,21.976122
97,11.3816595
98,9.352328
99,21.30958
100,41.358986
101,47.350792
102,14.039759
103,17.49727
104,15.783857999999999
105,43.72399
106,37.872966999999996
107,48.072277
108,43.249275
109,16.254156
110,9.548569
111,8.827697
112,19.818235
113,35.859097
114,37.947803
115,49.526543
116,50.264824
117,42.906395
118,25.358902
119,23.350929999999998
120,21.817095000000002
121,17.228193
122,34.223778
123,47.41863
124,47.114635
125,42.740223
126,42.013878000000005
127,37.689163
128,42.437090000000005
129,37.385807
130,49.152695
131,47.56147
132,46.779114
133,28.947025
134,25.016486999999998
135,23.031963
136,40.916435
137,47.52233
138,49.593117
139,47.276959999999995
140,46.647625
141,44.057037
142,27.287836
143,15.236701
144,19.374105
145,17.46441
146,17.759565
147,47.655014
148,48.74393
149,46.23172
150,46.24057
151,16.875378
152,17.013092
153,16.859985
154,9.397145
155,21.419323000000002
156,37.6526
157,45.426765
158,42.59505
159,46.392174
160,48.541756
161,49.636134999999996
162,47.815205
163,46.855457
164,44.033276
165,26.87339
166,14.460132000000002
167,19.192413000000002
168,17.398869
169,17.632399
170,12.135498
171,10.892684
172,45.706379999999996
173,47.75201
174,43.54672
175,26.386837
176,21.255489999999998
177,17.00483
178,18.064749
179,10.113163
180,46.51812
181,48.669734999999996
182,49.023018
183,48.538334000000006
184,40.804565000000004
185,20.303097
186,16.655018
187,40.22595
188,30.517236999999998
189,48.256336
190,43.250735999999996
191,43.882706
192,40.75432
193,39.970108
194,38.092459999999996
195,37.51341
196,36.644638
197,43.947359999999996
198,39.574814
199,48.271175
200,46.491062
201,27.659247999999998
202,23.049357999999998
203,19.846254000000002
204,17.504620000000003
205,18.50583
206,41.077534
207,42.077244
208,48.252390000000005
209,49.475243
210,48.068153
211,46.97805
212,27.61826
213,14.671698999999998
214,21.23058
215,21.657799
216,16.896006
217,22.750345000000003
218,45.578445
219,47.646390000000004
220,46.920177
221,44.87271
222,28.537474
223,18.705137
224,11.967129
225,23.812588
226,47.381992
227,49.06353
228,18.404394
229,24.315409
230,19.027084
231,18.441376
232,44.41679
233,48.476414
234,47.004490000000004
235,19.799078
236,26.001354
237,21.679873999999998
238,22.66542
239,44.609936
240,34.981606
241,37.95467
242,49.037025
243,49.5627
244,49.101475
245,49.141125
246,29.547221999999998
247,21.463078
248,22.223387
249,23.493654
250,19.127337
251,34.55141
252,42.56409
253,32.955757
254,32.29339
255,47.489594
256,46.9567
257,45.47047
258,43.060074
259,39.125890000000005
260,38.204956
261,34.5215
262,35.883648
263,42.044296
264,32.497326
265,42.720585
266,47.984802
267,44.95627
268,17.831723999999998
269,20.665377
270,17.828308
271,16.806883
272,20.64157
273,16.840572
274,48.298446999999996
275,47.547832
276,48.323544
277,47.568626
278,27.507084000000003
279,13.885413
280,15.756576999999998
281,22.92499
282,20.058126
283,18.826609
284,15.320167999999999
285,13.618151999999998
286,48.236088
287,48.13228
288,12.854182000000002
289,17.048393
290,16.111546
291,12.070022999999999
292,10.3737955
293,22.876425
294,45.183840000000004
295,49.45041
296,48.013034999999995
297,34.720345
298,22.117994
299,30.9256
300,24.536154
301,19.119017000000003
302,24.31853
303,42.68673
304,40.76313
305,49.707546
306,48.572556
307,48.839428000000005
308,45.028847
309,32.457985
310,18.064934
311,7.3295335999999995
312,42.020714
313,33.666615
314,36.275024
315,49.024837
316,46.73773
317,38.5751
318,32.63208
319,30.79216
320,43.736979999999996
321,46.151134000000006
322,46.011204
323,44.653484000000006
324,45.167282
325,42.906883
326,43.5803
327,40.836452
328,40.416453999999995
329,36.674294
330,35.86271
331,41.883109999999995
332,42.570522
333,37.930557
334,34.55297
335,43.078520000000005
336,47.25712
337,46.83998
338,15.617911
339,18.756426
340,21.28753
341,23.415202999999998
342,44.292759999999994
343,43.89875
344,48.830459999999995
345,48.0735
346,47.493840000000006
347,17.142532
348,39.374621999999995
349,49.211582
350,48.454624
351,47.68776
352,30.151587
353,16.408897
354,25.095670000000002
355,17.587048
356,15.569382000000001
357,22.754955
358,36.31733
359,43.305275
360,44.500095
361,50.090733
362,18.209044
363,26.030704
364,18.303082999999997
365,16.197063
366,12.766177
367,22.985943
368,41.764004
369,49.531364
370,48.47773
371,48.070786
372,47.75266
373,17.81286
374,18.961470000000002
375,8.621806
376,20.599445000000003
377,32.845528
378,35.98121
379,49.284884999999996
380,31.525892
381,18.001696
382,15.130231
383,31.123663
384,47.966570000000004
385,47.601784
386,47.342934
387,46.450306
388,43.286057
389,39.534317
390,37.47292
391,34.52301
392,48.869873
393,48.71198
394,47.496803
395,17.247393
396,19.17924
397,27.390121
398,24.217
399,16.852253
400,12.793714999999999
401,35.39215
402,38.180046000000004
403,48.506924
404,47.050995
405,45.405117
406,31.123817
407,19.00129
408,20.223778
409,17.485
410,15.467332
411,10.636049
412,43.686405
413,39.691963
414,43.746426
415,49.023067
416,47.90848
417,47.797073
418,47.478947
419,31.357091999999998
420,15.24264
421,8.862849
422,43.628822
423,39.728848
424,50.043766
425,50.18545
426,49.776905
427,37.4639
428,30.551311
429,42.54738
430,41.34677
431,48.078559999999996
432,47.168022
433,43.531437
434,28.737198
435,35.674095
436,27.127106
437,24.071684
438,48.43587
439,48.319534000000004
440,49.01003
441,39.777378000000006
442,35.48516
443,34.857826
444,32.338226
445,38.25117
446,27.637215
447,34.931713
448,47.460968
449,47.139263
450,47.114371999999996
451,46.620354
452,45.293495
453,43.700275
454,44.112434
455,42.98341
456,41.675007
457,45.422385999999996
458,49.844463
459,49.51433
460,39.988182
461,25.782341
462,28.846021999999998
463,25.535107
464,34.865615999999996
465,40.062236999999996
466,48.445175
467,49.100629999999995
468,48.103832000000004
469,46.457954
470,22.837436999999998
471,25.888647
472,28.894512
473,25.995365
474,20.360981
475,25.599386
476,48.751305
477,46.44952
478,38.495945
479,28.338253
480,25.988094
481,24.767847
482,25.91769
483,49.15251
484,48.387547
485,48.06942
486,35.685707
487,38.493454
488,28.929499
489,18.711756
490,17.661777
491,37.1491
492,42.615345
493,48.42923
494,48.122646
495,47.220333000000004
496,24.249895000000002
497,32.487774
498,41.911243
499,49.09661
500,49.17257
501,49.667229999999996
502,49.35672
503,48.632133
504,34.346959999999996
505,34.679947
506,31.4051
507,28.354115999999998
508,29.441605
509,46.13367
510,46.878643
511,47.2202
512,46.406624
513,45.315548
514,45.813644000000004
515,43.54515
516,43.387794
517,45.37062
518,47.75455
519,47.414764
520,20.806348999999997
521,26.33626
522,22.321934
523,22.959751
524,19.044378
525,47.72371
526,48.72618
527,48.98457
528,47.766644
529,31.199978
530,20.63234
531,27.07528
532,23.286701
533,19.657526
534,18.647327
535,47.541000000000004
536,30.758815999999996
537,19.278406
538,18.505573000000002
539,18.594969
540,14.689502
541,16.019804
542,45.813114
543,44.05603
544,48.121629999999996
545,45.144478
546,14.370624
547,20.006813
548,20.857466
549,20.182299
550,17.8046
551,41.82762
552,43.358546999999994
553,48.877506
554,48.336067
555,44.657920000000004
556,27.500109000000002
557,17.561224
558,21.610306
559,22.409095999999998
560,18.5789
561,19.699575
562,21.0603
563,19.618845
564,16.023764
565,13.410425
566,45.191829999999996
567,36.646522999999995
568,39.267693
569,49.356204999999996
570,49.045696
571,35.569008000000004
572,45.022232
573,47.904137
574,48.09918
575,48.10256
576,47.713885999999995
577,44.00179
578,40.871136
579,45.570766
580,45.401356
581,37.683712
582,49.116496999999995
583,49.06469
584,16.128206
585,18.986492000000002
586,24.096203
587,24.190367000000002
588,21.48241
589,20.344215
590,21.371354999999998
591,19.370872
592,46.5679
593,48.784462
594,49.09366
595,47.534977000000005
596,45.009712
597,28.410381
598,24.577238
599,19.170134
600,14.208575
601,47.696995
602,47.447945000000004
603,44.344765
604,14.729235999999998
605,19.259132
606,38.098324
607,40.112328000000005
608,48.727416999999996
609,49.042076
610,47.933563
611,46.884370000000004
612,41.5944
613,14.228036
614,18.575956
615,15.342460999999998
616,16.327370000000002
617,17.287622
618,11.815836000000001
619,19.609074
620,40.053259999999995
621,50.1662
622,49.596558
623,48.350586
624,45.681767
625,27.40035
626,19.610369
627,18.20712
628,18.808592
629,10.315164
630,21.687592000000002
631,50.65252
632,49.617428000000004
633,48.585297
634,42.81111
635,25.840351000000002
636,24.805457999999998
637,48.294518
638,48.297897
639,47.909225
640,41.92923
641,43.911594
642,42.961535999999995
643,41.72958
644,39.887146
645,39.24301
646,37.885536
647,48.194317
648,48.142509999999994
649,48.50137
650,45.622005
651,18.339838
652,20.015832999999997
653,11.627914
654,22.142464
655,47.971657
656,48.280853
657,47.59178
658,47.01212
659,46.594982
660,44.132754999999996
661,16.728792000000002
662,22.714176000000002
663,18.241626999999998
664,18.780563
665,18.782549
666,16.90835
667,11.056952
668,43.682625
669,38.792609999999996
670,43.934709999999995
671,47.076164
672,43.972984000000004
673,21.579187
674,17.664473
675,36.312645
676,48.959373
677,48.48551
678,47.207638
679,14.567324
680,22.565184
681,19.673462
682,19.23404
683,17.16975
684,44.37761
685,48.40972
686,47.788982
687,46.979332
688,44.310513
689,27.393490000000003
690,16.647253
691,21.720217
692,16.879656
693,15.735845000000001
694,49.0569
695,48.374428
696,41.16356
697,27.489874
698,24.874935
699,21.57691
700,18.193714
701,20.188072000000002
702,41.497677
703,46.431854
704,47.946514
705,47.820076
706,47.343327
707,46.10915
708,42.71125
709,40.267544
710,40.668465000000005
711,41.204163
712,41.51743
713,40.89281
714,38.152912
715,44.57904
716,38.13371
717,47.787696999999994
718,47.635059999999996
719,27.628853000000003
720,12.602733
721,9.493244
722,7.043483
723,42.486744
724,41.543777
725,47.18396
726,46.766822999999995
727,25.854464
728,15.677337
729,15.130962
730,10.821138000000001
731,42.685916999999996
732,46.670215999999996
733,47.75718
734,43.887135
735,11.5170145
736,13.643932000000001
737,11.855225
738,12.673919
739,7.172888
740,33.075947
741,41.671875
742,47.953674
743,48.268333
744,48.03553
745,25.847182999999998
746,17.430944
747,22.324438
748,22.25328
749,17.571547
750,16.157715
751,16.114227
752,41.505337
753,48.461296000000004
754,48.132713
755,46.88674
756,46.77644
757,15.438766500000002
758,16.51897
759,14.5976095
760,15.305216
761,10.081714999999999
762,20.835423000000002
763,43.777084
764,34.880688
765,38.042393
766,48.99771
767,48.239902
768,41.087353
769,21.341724
770,20.014717
771,19.736788
772,31.930967
773,46.922973999999996
774,47.362453
775,47.967064
776,47.70821
777,46.91872
778,41.10419
779,36.847954
780,48.143642
781,48.091834999999996
782,47.6295
783,12.9053545
784,15.815610000000001
785,17.540411
786,14.851773999999999
787,16.493717
788,10.259286
789,21.106335
790,48.107479999999995
791,48.416676
792,47.055153000000004
793,47.968662
794,20.715103
795,20.052332
796,16.298426
797,9.896506
798,20.441284
799,46.911396
800,27.087359999999997
801,12.747093
802,16.969288
803,14.039988500000002
804,14.932497
805,11.580841
806,35.899204
807,43.415046999999994
808,48.185673
809,47.237183
810,47.30778
811,46.989655
812,27.23528
813,12.775816
814,20.722551
815,20.37379
816,17.482069
817,42.46866
818,35.856685999999996
819,49.551315
820,47.977990000000005
821,32.480053000000005
822,35.956207
823,26.720579999999998
824,26.316605
825,27.178620000000002
826,49.822433000000004
827,49.294872
828,39.10627
829,36.52017
830,37.26623
831,32.58227
832,44.686687
833,41.702698
834,47.2821
835,47.677433
836,44.983456
837,43.033234
838,37.876495
839,38.447353
840,48.46356
841,48.643
842,47.78569
843,39.717964
844,27.896071999999997
845,23.203741
846,35.105522
847,40.917603
848,49.04663
849,49.07274
850,48.434475
851,19.570467
852,26.396790000000003
853,23.181824
854,21.69108
855,22.693201000000002
856,17.745932
857,44.73066
858,48.443127000000004
859,48.915146
860,48.14828
861,47.830154
862,16.29374
863,25.34991
864,22.838236
865,21.347492000000003
866,26.034025
867,48.472637
868,44.881145000000004
869,48.839459999999995
870,47.297184
871,34.68868
872,30.53828
873,25.217005
874,44.434585999999996
875,45.6417
876,48.700012
877,48.18118
878,46.725327
879,19.542345
880,14.348669000000001
881,12.395328999999998
882,23.195042
883,45.676871999999996
884,38.471066
885,47.985440000000004
886,49.271614
887,48.71072
888,48.911865
889,48.187283
890,42.886726
891,25.04496
892,22.208242000000002
893,21.92462
894,37.906690000000005
895,48.1753
896,45.202103
897,42.217434000000004
898,42.893677000000004
899,41.986686999999996
900,47.604103
901,48.20613
902,46.999683000000005
903,27.812693
904,15.162041
905,18.36685
906,22.63619
907,20.447184
908,17.909788
909,13.422606
910,36.44037
911,44.27263
912,47.221527
913,47.314316
914,46.89718
915,23.796837
916,21.938066
917,17.183138
918,18.185259
919,13.276885
920,47.44348
921,48.115932
922,47.349068
923,14.187417000000002
924,23.471167
925,20.803982
926,15.888241
927,17.104801000000002
928,11.934346000000001
929,9.141811
930,19.519964
931,35.603912
932,44.198242
933,47.869904
934,14.717692000000001
935,18.864552
936,18.009487
937,16.599148
938,12.905163
939,20.450453
940,43.739273
941,49.068657
942,48.884240000000005
943,47.746513
944,47.428387
945,28.506328999999997
946,14.828869000000001
947,23.47927
948,20.925507999999997
949,15.977485999999999
950,39.076504
951,47.575108
952,48.861282
953,47.09318
954,41.760582
955,24.371475
956,22.88941
957,18.981136
958,42.732209999999995
959,36.772354
960,45.471621999999996
961,47.504096999999994
962,47.769615
963,46.474358
964,44.881577
965,43.205803
966,43.644737
967,42.019366999999995
968,43.168459999999996
969,43.78071
970,39.87615
971,39.338825
972,46.72051
973,14.495223000000001
974,18.152689000000002
975,24.05572
976,18.00527
977,17.607870000000002
978,17.244064
979,12.903501
980,10.544083
981,21.208492
982,44.4021
983,48.431076000000004
984,48.457184000000005
985,47.239258
986,24.566753
987,17.425951
988,16.205706
989,9.912088
990,36.080616
991,44.786792999999996
992,48.919697
993,47.608982
994,47.51457
995,47.19644
996,28.208357
997,14.768061999999999
998,18.323895999999998
999,21.384626
1000,17.166214
1001,15.807335
1002,17.023895
1003,11.607372999999999
1004,20.150913
1005,45.20153
1006,48.860226000000004
1007,47.58235
1008,45.892696
1009,29.122
1010,19.256714000000002
1011,19.520967000000002
1012,13.179942
1013,10.820524
1014,43.85035
1015,49.269690000000004
1016,47.947548
1017,29.351149
1018,18.537423999999998
1019,23.871433
1020,15.923363
1021,16.495511999999998
1022,10.074603
1023,37.508446
1024,45.808823
1025,36.57962
1026,48.407913
1027,28.214994
1028,21.283922
1029,19.849365
1030,20.493267000000003
1031,18.620151999999997
1032,18.336529000000002
1033,42.777954
1034,40.469143
1035,45.317142
1036,47.403397
1037,47.744953
1038,43.74703
1039,41.653645000000004
1040,42.542503
1041,41.078379999999996
1042,38.5048
1043,38.810505
1044,45.513824
1045,38.891026000000004
1046,38.717403000000004
1047,48.930683
1048,47.130424
1049,47.560905
1050,26.52838
1051,21.565016
1052,18.603931
1053,9.882328
1054,44.981907
1055,48.25472
1056,47.616455
1057,46.496272999999995
1058,44.372772
1059,13.246973
1060,22.16681
1061,17.379645999999997
1062,9.537241999999999
1063,35.869602
1064,45.464527000000004
1065,40.769863
1066,49.0325
1067,47.721786
1068,48.394238
1069,47.50399
1070,47.185863
1071,44.696068
1072,13.166309
1073,15.659406
1074,13.619148000000001
1075,19.969734
1076,36.844048
1077,49.409695
1078,45.320679999999996
1079,13.384523000000002
1080,17.078732000000002
1081,16.83802
1082,14.15715
1083,10.735774000000001
1084,45.131042
1085,38.675537
1086,44.21328
1087,47.23594
1088,17.227732
1089,10.665627
1090,35.65765
1091,38.650490000000005
1092,48.10263
1093,47.696857
1094,46.288506
1095,38.559321999999995
1096,23.717625
1097,21.23967
1098,17.140375
1099,16.59459
1100,15.856872000000001
1101,31.596977000000003
1102,41.569992
1103,38.062675
1104,30.352541
1105,31.392985999999997
1106,47.632168
1107,46.802459999999996
1108,41.884170000000005
1109,42.673195
1110,42.33376
1111,40.538994
1112,37.13684
1113,45.002003
1114,45.035492
1115,47.62441
1116,47.66405
1117,47.800777000000004
1118,23.993343
1119,21.489395000000002
1120,36.870792
1121,40.194927
1122,43.620045000000005
1123,49.608006
1124,46.09616
1125,29.019246999999996
1126,26.9117
1127,26.843303999999996
1128,31.557058
1129,37.010222999999996
1130,45.31286
1131,47.822655
1132,47.155190000000005
1133,44.784416
1134,27.701036
1135,16.455679999999997
1136,19.852245
1137,18.392572
1138,17.380278
1139,12.361106
1140,46.512394
1141,41.405907
1142,47.47749
1143,48.749214
1144,47.526554
1145,27.590590000000002
1146,17.674442000000003
1147,17.615195999999997
1148,46.792823999999996
1149,45.08709
1150,15.253303
1151,23.233675
1152,23.7492
1153,19.199854000000002
1154,19.763006
1155,11.949926
1156,10.649783
1157,22.477601999999997
1158,38.13735
1159,36.187206
1160,48.62826
1161,48.0814
1162,48.593059999999994
1163,47.554173
1164,27.466728000000003
1165,19.094322000000002
1166,21.476952
1167,20.702375
1168,44.743176
1169,47.820586999999996
1170,46.344345000000004
1171,42.434909999999995
1172,36.162502
1173,38.251373
1174,46.780888
1175,47.599422
1176,47.414845
1177,27.611612
1178,14.839303
1179,18.137798
1180,18.860556
1181,17.825443
1182,11.727131
1183,46.730118
1184,43.0143
1185,46.78755
1186,46.207886
1187,46.023308
1188,26.625335999999997
1189,17.752354
1190,16.292679
1191,17.057281
1192,38.351543
1193,45.855903999999995
1194,47.568256
1195,46.801388
1196,45.868824
1197,43.37903
1198,26.340884999999997
1199,42.041817
1200,47.907032
1201,47.64412
1202,43.833508
1203,15.705793
1204,21.505570000000002
1205,17.513872
1206,17.15619
1207,9.896571
1208,19.053783
1209,34.52469
1210,47.996464
1211,46.290726
1212,20.133642000000002
1213,19.48846
1214,17.835192000000003
1215,15.929314999999999
1216,48.084713
1217,48.59637
1218,47.557484
1219,40.869087
1220,26.734526000000002
1221,23.4365
1222,17.546464999999998
1223,19.975569
1224,19.200993
1225,16.609991
1226,17.41855
1227,40.214596
1228,33.75971
1229,35.18786
1230,47.683304
1231,47.218548
1232,43.513588
1233,38.838634000000006
1234,38.78642
1235,47.61334
1236,14.780745499999998
1237,20.833157
1238,18.732006
1239,13.194243
1240,22.718956
1241,46.45655
1242,41.354668
1243,41.873509999999996
1244,48.171946999999996
1245,47.11416
1246,18.01359
1247,23.982353
1248,23.263706
1249,12.688265
1250,46.098045
1251,48.393257
1252,47.242683
1253,47.148266
1254,23.283482
1255,16.971523
1256,17.823713
1257,41.339687
1258,47.56612
1259,47.1299
1260,46.930634000000005
1261,45.012337
1262,26.904246999999998
1263,22.420579999999998
1264,17.740635
1265,18.591288
1266,16.955393
1267,17.234482
1268,21.526636
1269,48.368164
1270,48.354824
1271,48.712759999999996
1272,45.60133
1273,14.909813
1274,18.12944
1275,19.566778
1276,18.38624
1277,12.68372
1278,22.269022
1279,37.749714000000004
1280,45.647736
1281,36.879837
1282,47.38134
1283,48.57182
1284,47.984375
1285,25.147606
1286,26.217987
1287,23.530296
1288,19.006523
1289,18.901093
1290,35.300934000000005
1291,47.9998
1292,47.78478
1293,44.71597
1294,43.17532
1295,42.85386
1296,40.33164
1297,37.69072
1298,45.175507
1299,45.653168
1300,45.780945
1301,43.428802000000005
1302,21.772823000000002
1303,12.701525
1304,22.25955
1305,46.697285
1306,47.973244
1307,47.663723
1308,47.358353
1309,37.843235
1310,29.230121999999998
1311,32.89065
1312,26.590121999999997
1313,27.691357
1314,18.899296
1315,33.430347
1316,38.782883
1317,39.549103
1318,43.898922
1319,47.462814
1320,46.998806
1321,44.309742
1322,17.026401999999997
1323,18.256353
1324,19.581274
1325,23.53434
1326,47.997448
1327,23.044445
1328,20.031595000000003
1329,18.3957
1330,18.920626000000002
1331,13.121735000000001
1332,23.146607999999997
1333,39.33291
1334,38.09803
1335,48.218727
1336,47.295094
1337,45.26736
1338,17.560278
1339,18.238146
1340,17.645332
1341,16.313292
1342,49.03525
1343,48.23785
1344,41.663776
1345,27.3858
1346,25.648825
1347,20.966717000000003
1348,19.469969
1349,41.893817999999996
1350,39.152607
1351,41.707896999999996
1352,41.1128
1353,41.680065
1354,40.486664000000005
1355,38.03651
1356,44.56387
1357,38.032784
1358,47.235123
1359,27.666521000000003
1360,23.844007
1361,23.290754
1362,20.213648000000003
1363,18.112497
1364,17.78373
1365,13.281082000000001
1366,11.285126
1367,39.14356
1368,47.846676
1369,27.640553000000004
1370,23.62922
1371,17.102226
1372,10.868555
1373,39.79015
1374,48.195076
1375,47.640953
1376,48.159683
1377,27.657096999999997
1378,19.284584
1379,42.384346
1380,44.281227
1381,47.29694
1382,20.498213
1383,13.588347
1384,40.262836
1385,45.22108
1386,41.04645
1387,48.540259999999996
1388,48.898196999999996
1389,45.759570000000004
1390,14.120873000000001
1391,17.914139000000002
1392,22.199366
1393,17.215492
1394,18.609911
1395,12.907388000000001
1396,46.34815
1397,48.838062
1398,48.488113
1399,48.627629999999996
1400,20.686817
1401,22.167904
1402,47.469936
1403,47.210213
1404,47.459793
1405,44.462723
1406,44.638042
1407,44.949375
1408,43.776123
1409,42.95534
1410,46.100136
1411,46.232566999999996
1412,45.880016
1413,46.542846999999995
1414,12.420973
1415,25.579096
1416,39.639378
1417,46.299957
1418,45.874012
1419,45.942844
1420,17.318832
1421,23.75025
1422,22.920366
1423,19.456078
1424,16.133156
1425,11.992852000000001
1426,10.388643
1427,23.2445
1428,40.19553
1429,46.522537
1430,47.041267
1431,46.42812
1432,45.953693
1433,43.274364
1434,21.689184
1435,18.024546
1436,18.101643
1437,18.596725
1438,13.018186
1439,23.346320000000002
1440,38.362026
1441,45.413776
1442,47.597004
1443,46.80207
1444,44.005897999999995
1445,26.43433
1446,16.400635
1447,44.60934
1448,46.531259999999996
1449,44.473038
1450,26.901472
1451,13.052294999999999
1452,15.073099
1453,16.522799
1454,10.819744
1455,36.457924
1456,36.25824
1457,47.939438
1458,47.729003999999996
1459,46.39155
1460,24.678995
1461,18.509869000000002
1462,18.331284
1463,35.04705
1464,45.07305
1465,47.138542
1466,47.192318
1467,46.06731
1468,43.363663
1469,42.700993
1470,42.214935
1471,41.302845
1472,46.11991
1473,45.65487
1474,12.795199
1475,19.382061
1476,17.528349
1477,11.867597
1478,39.068436
1479,41.291176
1480,47.389053000000004
1481,46.86777
1482,46.408035
1483,26.559510999999997
1484,23.133694000000002
1485,22.303810000000002
1486,19.230255
1487,16.818653
1488,11.978575
1489,10.671708
1490,23.510002
1491,37.969406
1492,46.431995
1493,45.72351
1494,45.249084
1495,42.569756
1496,18.275742
1497,17.822397
1498,16.646235
1499,10.908533
1500,24.008904
1501,39.024605
1502,45.66997
1503,47.963314000000004
1504,46.3226
1505,44.21477
1506,13.157673
1507,18.249008
1508,19.48905
1509,18.335017999999998
1510,16.968764999999998
1511,12.822608
1512,11.154681
1513,39.782486
1514,44.892723
1515,38.157616
1516,44.250217
1517,19.527225
1518,9.345686
1519,35.509052000000004
1520,35.38346
1521,46.670662
1522,45.986893
1523,24.905947
1524,21.156267
1525,17.021698
1526,18.306425
1527,18.006098
1528,40.881809999999994
1529,33.236655999999996
1530,44.495518
1531,46.614784
1532,39.46495
1533,39.899273
1534,43.664356
1535,42.53412
1536,35.064453
1537,48.213768
1538,47.913959999999996
1539,48.659935
1540,47.64524
1541,45.03058
1542,28.99203
1543,28.829025
1544,29.548328
1545,28.1348
1546,27.664742999999998
1547,39.528557
1548,47.01709
1549,47.747265000000006
1550,46.545895
1551,43.637268
1552,25.755941
1553,21.767906
1554,17.820985999999998
1555,16.307102
1556,10.806664999999999
1557,23.501131
1558,37.67581
1559,47.15919
1560,47.889365999999995
1561,46.593579999999996
1562,46.119152
1563,11.954171
1564,19.881973000000002
1565,11.945863000000001
1566,10.606207000000001
1567,22.917382999999997
1568,45.029068
1569,47.003956
1570,21.613204999999997
1571,20.841509
1572,15.987163
1573,15.849323000000002
1574,10.998836
1575,23.269683999999998
1576,43.9919
1577,41.4078
1578,47.009705
1579,47.384335
1580,45.565647
1581,43.507422999999996
1582,24.866196
1583,18.42458
1584,13.766051999999998
1585,9.127626
1586,35.36507
1587,43.392414
1588,33.3688
1589,35.74694
1590,45.527428
1591,47.107964
1592,46.454277000000005
1593,38.982535999999996
1594,24.194374
1595,18.665756
1596,16.48255
1597,31.565012
1598,41.363926
1599,32.62465
1600,45.074055
1601,45.408229999999996
1602,44.738537
1603,43.949047
1604,39.755974
1605,37.174976
1606,39.409706
1607,39.242492999999996
1608,32.899696
1609,47.025529999999996
1610,47.394703
1611,47.3165
1612,46.38872
1613,15.684606
1614,17.614983
1615,19.400257
1616,17.762947
1617,35.818054
1618,42.04658
1619,47.45254
1620,48.182716
1621,46.981346
1622,47.595413
1623,46.611393
1624,44.069717
1625,25.693207
1626,14.900255
1627,22.859262
1628,21.244146
1629,16.694110000000002
1630,10.721364999999999
1631,47.001106
1632,47.73128
1633,46.52991
1634,47.14398
1635,45.958065000000005
1636,43.278736
1637,13.851869
1638,21.48764
1639,20.186532999999997
1640,16.027260000000002
1641,9.875541
1642,22.471208999999998
1643,36.44887
1644,41.530544
1645,46.631954
1646,47.41386
1647,45.984062
1648,22.212564
1649,16.506007999999998
1650,17.942732
1651,18.301739
1652,11.232261
1653,23.7876
1654,38.317307
1655,35.971577
1656,47.410233000000005
1657,44.118866
1658,13.867126999999998
1659,20.322203
1660,18.41131
1661,14.207912
1662,16.44578
1663,18.075275
1664,17.356726000000002
1665,35.22802
1666,45.27733
1667,39.180465999999996
1668,24.392303
1669,20.814985
1670,21.940758
1671,19.435144
1672,38.79887
1673,33.92295
1674,37.257153
1675,44.117104
1676,46.38648
1677,45.900852
1678,37.64825
1679,44.898144
1680,45.574272
1681,46.96777
1682,48.27145
1683,47.652115
1684,38.019012
1685,32.057990000000004
1686,33.593525
1687,27.53162
1688,30.525209999999998
1689,31.530577
1690,24.268042
1691,31.683357
1692,42.986305
1693,39.601704
1694,47.338879999999996
1695,47.450745
1696,44.90907
1697,14.133385999999998
1698,20.012964
1699,21.468011999999998
1700,43.19419
1701,45.93173
1702,26.484135
1703,12.551989
1704,14.897148000000001
1705,18.132954
1706,17.976343
1707,12.449923
1708,24.048727
1709,40.584179999999996
1710,43.321968
1711,48.084965000000004
1712,47.713066
1713,42.746544
1714,19.990074
1715,18.366892
1716,19.578568
1717,15.400881
1718,43.5509
1719,41.553084999999996
1720,46.87829
1721,46.2954
1722,42.569168
1723,25.195822
1724,18.243872
1725,17.43831
1726,36.823463000000004
1727,44.369865000000004
1728,46.391838
1729,37.672394
1730,19.084707
1731,15.697455999999999
1732,42.914513
1733,47.41495
1734,47.217667
1735,47.208427
1736,40.6151
1737,38.80428
1738,36.828007
1739,40.748090000000005
1740,43.367909999999995
1741,43.7664
1742,37.96775
1743,44.79437
1744,36.146072
1745,45.483753
1746,12.296944
1747,16.929317
1748,22.720055
1749,36.882740000000005
1750,38.960403
1751,47.884262
1752,48.665245
1753,16.571135
1754,23.4132
1755,18.609226
1756,17.638482999999997
1757,39.258266
1758,47.89074
1759,47.419544
1760,48.033609999999996
1761,47.325127
1762,45.070617999999996
1763,16.195076
1764,16.809565
1765,21.503204
1766,23.759404999999997
1767,48.679146
1768,47.52534
1769,46.87745
1770,23.348236
1771,19.340166
1772,15.210204999999998
1773,46.964962
1774,46.138626
1775,46.642902
1776,45.404309999999995
1777,45.134705
1778,12.079355
1779,14.379157000000001
1780,16.617357000000002
1781,14.884325
1782,22.386694
1783,36.603863
1784,44.150265000000005
1785,45.511326000000004
1786,41.732605
1787,25.210086999999998
1788,21.11288
1789,16.970638
1790,18.501045
1791,24.864735
1792,22.091396
1793,19.766607
1794,41.413162
1795,38.491935999999995
1796,34.589638
1797,44.426548
1798,46.81821
1799,45.698795000000004
1800,44.42368
1801,42.987770000000005
1802,42.580147
1803,39.866913000000004
1804,43.037586
1805,41.787724
1806,36.68486
1807,42.873474
1808,43.545444
1809,46.21702
1810,46.636996999999994
1811,45.862713
1812,45.655796
1813,43.55363
1814,14.237611
1815,21.45137
1816,21.922335
1817,15.829791
1818,24.144373
1819,39.828790000000005
1820,42.406754
1821,46.681618
1822,46.311665000000005
1823,14.156451
1824,16.523853
1825,22.013975
1826,18.586783999999998
1827,23.717089
1828,23.929747
1829,43.970673
1830,38.96548
1831,47.814217
1832,46.467620000000004
1833,44.13858
1834,30.65976
1835,15.807322000000001
1836,20.974213
1837,21.684855
1838,19.294157000000002
1839,17.329693
1840,21.485615
1841,35.837418
1842,38.142559999999996
1843,44.439663
1844,21.836868
1845,18.024573999999998
1846,19.767529
1847,11.52483
1848,38.46297
1849,47.92368
1850,47.050884
1851,44.753547999999995
1852,21.638784
1853,21.739641
1854,19.03794
1855,19.996737
1856,20.54828
1857,37.078407
1858,34.233955
1859,48.50858
1860,47.487907
1861,25.78588
1862,26.224804
1863,22.577386999999998
1864,20.22724
1865,46.449554
1866,46.12301
1867,45.067314
1868,44.160263
1869,43.75264
1870,41.088543
1871,42.592896
1872,43.486546000000004
1873,35.917557
1874,47.660225
1875,47.531216
1876,47.280235
1877,45.322959999999995
1878,24.669620000000002
1879,21.823061
1880,12.188031
1881,48.399215999999996
1882,49.1802
1883,47.928020000000004
1884,48.020804999999996
1885,18.710404999999998
1886,24.597160000000002
1887,20.610447
1888,19.872179
1889,23.691317
1890,48.598859999999995
1891,18.44793
1892,22.810764000000002
1893,24.32546
1894,19.602365
1895,12.880289999999999
1896,47.759342
1897,48.545788
1898,19.861320000000003
1899,19.773129
1900,12.802557
1901,25.187557
1902,40.458588
1903,48.568690000000004
1904,44.930122
1905,17.383638
1906,19.341023999999997
1907,20.406754
1908,21.312378
1909,16.212757
1910,24.440445
1911,48.033657
1912,47.228363
1913,26.772738
1914,24.100426000000002
1915,23.38375
1916,22.859126999999997
1917,19.833170000000003
1918,32.759457
1919,42.371468
1920,39.249340000000004
1921,46.830729999999996
1922,43.029015
1923,38.254025
1924,38.029354
1925,41.236713
1926,43.214209999999994
1927,44.600359999999995
1928,43.364853000000004
1929,46.941757
1930,33.841007
1931,16.326964999999998
1932,21.011492
1933,19.495165
1934,21.956785
1935,22.004234
1936,44.157866999999996
1937,39.42566
1938,41.82736
1939,46.801895
1940,46.431942
1941,45.053787
1942,32.128
1943,14.488529000000002
1944,21.541998
1945,22.742683
1946,17.537912
1947,23.41789
1948,43.671837
1949,41.480152000000004
1950,48.02969
1951,46.205666
1952,44.689857
1953,31.771759999999997
1954,16.234587
1955,18.127298
1956,20.24859
1957,15.141945000000002
1958,11.184581
1959,39.299667
1960,46.801674
1961,47.58812
1962,46.434315000000005
1963,47.21622
1964,44.820465000000006
1965,21.999916
1966,20.094591
1967,43.594406
1968,41.008312
1969,47.611022999999996
1970,44.193333
1971,15.80211
1972,16.139210000000002
1973,17.30358
1974,15.669267999999999
1975,11.437937
1976,22.225006
1977,36.925182
1978,47.30576
1979,46.920437
1980,47.286235999999995
1981,46.120644
1982,43.09067
1983,27.092973999999998
1984,25.942435999999997
1985,23.218113
1986,18.666729999999998
1987,20.295864
1988,37.686825
1989,43.362057
1990,45.62446
1991,45.65449
1992,45.382020000000004
1993,42.33721
1994,39.538494
1995,37.56222
1996,38.14155
1997,37.500443
1998,47.386
1999,32.291466
2000,19.624851
2001,21.340329999999998
2002,20.429806
2003,16.701517000000003
2004,24.69343
2005,41.15334
2006,41.086494
2007,47.39949
2008,15.607945
2009,17.975346
2010,23.768349
2011,18.281704
2012,13.952024
2013,16.38786
2014,22.171642000000002
2015,19.261608
2016,20.950516
2017,15.628575
2018,34.949413
2019,36.340664000000004
2020,39.570698
2021,47.339054
2022,46.971695000000004
2023,46.80123
2024,24.143353
2025,20.42481
2026,21.554676
2027,22.400919000000002
2028,17.55049
2029,44.922740000000005
2030,39.286644
2031,43.585777
2032,46.605022
2033,44.431507
2034,19.364395000000002
2035,16.756445000000003
2036,15.122135
2037,18.215021
2038,10.470456
2039,48.068882
2040,47.68356
2041,48.04936
2042,27.016009999999998
2043,24.388904999999998
2044,17.465422
2045,19.094557000000002
2046,42.61525
2047,39.493122
2048,36.014359999999996
2049,40.203808
2050,38.272335
2051,43.384415000000004
2052,36.705124
2053,47.108612
2054,47.2713
2055,45.33481
2056,17.50836
2057,24.24249
2058,23.018074
2059,19.95674
2060,21.626704999999998
2061,17.16916
2062,14.195173
2063,46.975254
2064,47.58932
2065,46.6053
2066,17.256859
2067,22.81877
2068,18.459106
2069,20.46159
2070,12.223947
2071,38.315014
2072,39.989986
2073,43.19643
2074,47.91919
2075,29.894667
2076,13.702941000000001
2077,17.048697
2078,16.436354
2079,19.880959
2080,21.318057999999997
2081,36.014626
2082,47.206932
2083,46.176173999999996
2084,44.473095
2085,13.558717999999999
2086,20.242126000000003
2087,16.170319
2088,18.121187
2089,41.99266
2090,39.68427
2091,47.15927
2092,47.328423
2093,47.69422
2094,44.15829
2095,15.8244295
2096,19.935966
2097,16.14639
2098,15.676457999999998
2099,18.351284
2100,13.362079000000001
2101,36.33085
2102,46.14617
2103,48.134052000000004
2104,47.309235
2105,46.508635999999996
2106,26.527828000000003
2107,23.855516
2108,23.049057
2109,23.564304
2110,20.456244
2111,21.100092
2112,19.117561
2113,33.012572999999996
2114,44.684090000000005
2115,46.946490000000004
2116,45.480072
2117,41.401096
2118,43.399967
2119,38.931778
2120,37.728024
2121,38.664402
2122,41.054333
2123,42.158676
2124,34.523834
2125,33.88062
2126,48.01265
2127,48.432629999999996
2128,47.76546
2129,47.302723
2130,45.408325
2131,17.253998
2132,21.869802
2133,20.173923000000002
2134,17.811901000000002
2135,19.641195
2136,18.773844
2137,10.844536999999999
2138,47.465503999999996
2139,48.079570000000004
2140,17.370943
2141,16.576145
2142,42.237792999999996
2143,48.979595
2144,48.055187
2145,45.08129
2146,13.766318
2147,20.345185999999998
2148,16.599749
2149,15.804948999999999
2150,18.93476
2151,37.93076
2152,41.895687
2153,48.03743
2154,47.828255
2155,46.398457
2156,13.604629500000001
2157,15.97202
2158,20.922646
2159,17.37645
2160,17.389412
2161,10.906984
2162,36.421326
2163,40.323334
2164,46.62835
2165,28.907364
2166,13.264534
2167,15.717092999999998
2168,18.187191000000002
2169,19.966682000000002
2170,16.747066
2171,18.422594
2172,16.659431
2173,11.031035000000001
2174,42.953720000000004
2175,34.55696
2176,36.620594
2177,47.304848
2178,48.80172
2179,49.16752
2180,20.880432
2181,17.940727
2182,22.098352
2183,19.930523
2184,18.212412
2185,29.936295
2186,37.895905
2187,34.999367
2188,46.506209999999996
2189,46.291656
2190,46.614624
2191,46.430557
2192,40.664153999999996
2193,39.66151
2194,34.8095
2195,44.274437
2196,41.47572
2197,34.94792
2198,35.991318
2199,34.712265
2200,33.790943
2201,37.49045
2202,47.253322999999995
2203,47.08574
2204,45.367767
2205,15.346601500000002
2206,19.726631
2207,11.078878
2208,37.588863
2209,39.996643
2210,45.10079
2211,42.876476000000004
2212,23.323227
2213,19.593157
2214,20.58427
2215,17.518225
2216,7.710952000000001
2217,19.073286
2218,42.293983000000004
2219,47.20112
2220,47.72475
2221,46.893524
2222,46.416096
2223,44.05413
2224,12.794677
2225,15.953445
2226,16.981188
2227,17.972301
2228,10.133338
2229,7.807131
2230,20.208399
2231,42.762737
2232,46.150993
2233,47.469809999999995
2234,47.775420000000004
2235,46.700309999999995
2236,44.189888
2237,12.781366
2238,18.043160999999998
2239,26.933221999999997
2240,17.512497
2241,22.26529
2242,36.751602
2243,47.12428
2244,47.98129
2245,47.359337
2246,47.725136
2247,46.486540000000005
2248,44.189205
2249,27.804316999999998
2250,12.472551
2251,20.979816
2252,19.19741
2253,15.425092000000001
2254,16.794145999999998
2255,14.282009
2256,8.795126
2257,18.336334
2258,26.556316
2259,38.366122999999995
2260,47.64665
2261,48.012446999999995
2262,47.207153000000005
2263,26.79417
2264,19.756348000000003
2265,19.624723
2266,36.094177
2267,47.09424
2268,45.798664
2269,42.01256
2270,44.466633
2271,41.638496
2272,40.079163
2273,42.075493
2274,43.06293
2275,43.282097
2276,35.904465
2277,35.07275
2278,47.22423
2279,46.983913
2280,47.538754
2281,47.056168
2282,24.308457999999998
2283,25.347113
2284,23.925251
2285,20.76213
2286,22.134757999999998
2287,21.229364
2288,13.060073
2289,40.58033
2290,46.732872
2291,24.135208
2292,13.630517000000001
2293,16.870995
2294,19.298443
2295,18.322035
2296,18.611496
2297,44.147420000000004
2298,38.673363
2299,48.54433
2300,47.252346
2301,21.120295000000002
2302,18.462139999999998
2303,16.004623000000002
2304,17.571634
2305,10.863921000000001
2306,9.027707000000001
2307,37.505924
2308,41.568573
2309,48.823409999999996
2310,47.6298
2311,48.32127
2312,47.280097999999995
2313,44.655037
2314,24.351793
2315,48.347415999999996
2316,48.323209999999996
2317,46.71544
2318,24.35397
2319,15.444541000000001
2320,20.205591000000002
2321,19.728453
2322,17.293467
2323,10.640344
2324,18.27789
2325,35.402042
2326,47.623721999999994
2327,48.466103000000004
2328,48.10134
2329,47.66081
2330,46.763884999999995
2331,41.34734
2332,26.985079
2333,24.161867
2334,17.245886
2335,17.976437
2336,17.251576999999997
2337,39.41675
2338,32.670162
2339,34.720512
2340,46.739376
2341,41.491955
2342,40.933075
2343,43.072178
2344,39.969967
2345,43.006718
2346,47.65206
2347,48.021233
2348,14.800348999999999
2349,25.593526999999998
2350,23.041173999999998
2351,18.897364000000003
2352,23.352362
2353,41.266582
2354,47.68841
2355,48.418587
2356,47.126602
2357,44.06126
2358,15.820325
2359,21.82926
2360,18.09919
2361,16.1518
2362,17.484793
2363,11.039150999999999
2364,9.202937
2365,36.722415999999996
2366,47.419990000000006
2367,47.95425
2368,46.838654
2369,43.299007
2370,23.268166
2371,15.731373999999999
2372,35.557759999999995
2373,43.160954
2374,48.34113
2375,46.981646999999995
2376,12.223714999999999
2377,21.705682999999997
2378,18.28465
2379,15.640158999999999
2380,7.851647
2381,36.447662
2382,40.090053999999995
2383,47.97191
2384,47.071487
2385,43.950222
2386,12.284991
2387,18.323772
2388,17.480192000000002
2389,35.85773
2390,46.53082
2391,48.17836
2392,48.4795
2393,26.865103
2394,24.792494
2395,20.80913
2396,22.875881
2397,20.681116
2398,47.335743
2399,48.102806
2400,47.600429999999996
2401,34.181366
2402,22.554764000000002
2403,24.765495
2404,34.544140000000006
2405,35.44665
2406,42.45758
2407,44.79198
2408,37.91715
2409,48.106865
2410,47.3438
2411,29.162446999999997
2412,23.481308
2413,30.950396
2414,24.681463
2415,26.364931
2416,14.859125
2417,41.67014
2418,47.884575
2419,47.289555
2420,24.220993
2421,18.815565
2422,48.168224
2423,46.653717
2424,12.575882
2425,15.113079
2426,17.663176999999997
2427,19.054201000000003
2428,15.485195000000001
2429,16.707620000000002
2430,9.616166999999999
2431,7.9414716
2432,38.05081
2433,48.633465
2434,47.3525
2435,24.221163
2436,16.033361
2437,22.013659
2438,22.067345
2439,16.765017999999998
2440,15.264495000000002
2441,39.16679
2442,47.52117
2443,47.243415999999996
2444,46.556540000000005
2445,43.591442
2446,14.221487
2447,19.018942000000003
2448,18.772398000000003
2449,13.450794
2450,12.237679
2451,14.395987
2452,48.145454
2453,40.787323
2454,24.962946
2455,24.412012
2456,17.082335
2457,35.32928
2458,30.2349
2459,46.257137
2460,44.766709999999996
2461,38.589615
2462,40.313717
2463,41.466057
2464,38.2425
2465,33.478504
2466,40.349224
2467,40.228035
2468,42.388187
2469,47.163265
2470,47.713108
2471,47.05318
2472,46.590443
2473,25.858175
2474,15.280465
2475,18.905943
2476,26.37503
2477,20.544239
2478,21.369667
2479,15.134360000000001
2480,12.879281
2481,46.51956
2482,44.195170000000005
2483,47.580177
2484,48.325474
2485,47.247986
2486,46.750732
2487,29.669190999999998
2488,32.125946
2489,33.978229999999996
2490,28.751749
2491,27.256426
2492,29.316446000000003
2493,21.810928
2494,44.970848
2495,41.823161999999996
2496,47.902817
2497,46.864959999999996
2498,47.7069
2499,45.931538
2500,43.251892
2501,20.832483
2502,15.352932999999998
2503,17.976
2504,9.209852
2505,20.106287
2506,42.331074
2507,48.4425
2508,48.5128
2509,46.970978
2510,44.41468
2511,12.537734
2512,21.92174
2513,18.996927
2514,17.424675
2515,18.905554000000002
2516,16.568237
2517,37.22159
2518,36.380928000000004
2519,15.663982
2520,19.689192000000002
2521,17.026772
2522,18.184212
2523,11.318484
2524,9.773291
2525,19.502274
2526,35.894954999999996
2527,44.390840000000004
2528,46.97834
2529,47.665234000000005
2530,48.281895
2531,22.202988
2532,22.777673999999998
2533,20.774542
2534,18.619085000000002
2535,34.63258
2536,43.692642
2537,45.84833
2538,45.85138
2539,41.882435
2540,39.14459
2541,40.161736
2542,39.95802
2543,42.77851
2544,45.584644
2545,47.48992
2546,48.123783
2547,47.434096999999994
2548,40.198112
2549,34.235465999999995
2550,29.254932
2551,27.961534999999998
2552,22.121391
2553,34.009403000000006
2554,43.01231
2555,46.217907000000004
2556,46.42373
2557,47.19719
2558,47.090137
2559,47.142727
2560,44.546409999999995
2561,25.612995
2562,14.056637
2563,16.830921
2564,23.520854999999997
2565,18.083984
2566,17.621727
2567,37.949909999999996
2568,47.469425
2569,44.58615
2570,15.889192000000001
2571,22.444418
2572,18.727598
2573,15.946254000000001
2574,10.869418
2575,48.519463
2576,25.160401999999998
2577,13.462280999999999
2578,11.269639
2579,42.769894
2580,41.042755
2581,47.552690000000005
2582,47.428684000000004
2583,47.171513
2584,46.90191
2585,44.874176
2586,16.63914
2587,21.388578
2588,18.310907
2589,20.32454
2590,16.733326
2591,43.125584
2592,33.63078
2593,45.499413
2594,47.181477
2595,46.38088
2596,22.917692000000002
2597,24.216606
2598,25.203346
2599,22.123903
2600,19.4181
2601,19.661242
2602,20.47014
2603,39.665485
2604,46.81354
2605,46.905556
2606,46.096012
2607,42.799735999999996
2608,39.605312
2609,41.0887
2610,40.534859999999995
2611,38.835865000000005
2612,40.41689
2613,43.620734999999996
2614,36.3004
2615,44.798553000000005
2616,47.508379999999995
2617,44.914997
2618,26.893068
2619,15.462143
2620,19.174457999999998
2621,26.078207
2622,23.883902
2623,20.91129
2624,22.639507000000002
2625,20.893835
2626,42.765324
2627,47.923813
2628,48.077984
2629,47.303837
2630,26.236841
2631,23.971085000000002
2632,19.458893
2633,21.624418
2634,19.707829999999998
2635,40.057426
2636,47.30389
2637,41.18715
2638,44.55545
2639,47.59901
2640,48.410793
2641,46.919888
2642,24.521435
2643,15.219107999999999
2644,19.448535999999997
2645,15.85203
2646,17.226748
2647,15.488513000000001
2648,9.889139
2649,42.273933
2650,47.654488
2651,47.731586
2652,48.233532000000004
2653,47.35642
2654,25.014542000000002
2655,15.835545000000002
2656,17.855162
2657,15.90158
2658,20.371788000000002
2659,44.075127
2660,36.739532000000004
2661,47.465687
2662,48.367313
2663,46.927227
2664,46.657623
2665,24.707698999999998
2666,13.016355
2667,20.623170000000002
2668,17.160055
2669,19.282825
2670,18.804121
2671,44.69556
2672,34.835876
2673,21.758343
2674,21.180851
2675,19.774755
2676,31.44825
2677,34.755905
2678,36.931152000000004
2679,46.580259999999996
2680,46.861404
2681,46.05186
2682,43.132713
2683,40.099552
2684,40.755577
2685,40.764183
2686,47.667324
2687,47.1535
2688,46.622124
2689,44.488544
2690,26.662328999999996
2691,15.903967999999999
2692,19.909257999999998
2693,13.877892499999998
2694,39.776802
2695,46.452090000000005
2696,43.757538000000004
2697,46.97139
2698,46.850403
2699,45.77705
2700,10.964179
2701,13.285808
2702,14.642007000000001
2703,16.673676
2704,35.599194
2705,40.7182
2706,48.795876
2707,46.086662
2708,32.233109999999996
2709,38.695353999999995
2710,26.985153000000004
2711,29.180578000000004
2712,26.730999999999998
2713,27.2079
2714,21.126682000000002
2715,47.00241
2716,47.471123
2717,47.095955
2718,24.844578
2719,15.990101999999998
2720,21.624548
2721,16.92141
2722,18.24837
2723,15.860757999999999
2724,11.040142
2725,19.737085
2726,38.117634
2727,48.048794
2728,48.528088000000004
2729,45.436756
2730,21.533665
2731,16.887273999999998
2732,11.42066
2733,19.917656
2734,35.247875
2735,46.81723
2736,48.860886
2737,48.305915999999996
2738,48.780907
2739,48.10176
2740,41.649426
2741,26.335221999999998
2742,21.894375
2743,19.533274
2744,22.075232
2745,19.724154000000002
2746,19.519875
2747,38.57853
2748,47.869877
2749,47.789448
2750,46.979904
2751,43.858936
2752,43.469822
2753,38.994396
2754,41.146683
2755,41.204914
2756,37.222256
2757,48.391945
2758,47.48438
2759,47.635985999999995
2760,22.998297
2761,18.484083
2762,18.772551999999997
2763,12.875363
2764,22.729086
2765,39.726409999999994
2766,45.332333
2767,47.97974
2768,48.768856
2769,47.555766999999996
2770,44.816814
2771,13.5040655
2772,22.312174
2773,21.33805
2774,18.33098
2775,19.079655
2776,36.768322
2777,44.695442
2778,42.513046
2779,48.100555
2780,47.676582
2781,48.223152
2782,47.425335
2783,44.711784
2784,24.975073000000002
2785,12.638189
2786,20.86226
2787,17.112144
2788,16.065746
2789,8.557455000000001
2790,18.723663000000002
2791,35.82728
2792,45.067646
2793,39.424862
2794,42.214294
2795,48.895527
2796,47.219482
2797,15.644184
2798,21.27863
2799,21.479
2800,18.069658
2801,16.363617
2802,18.095465
2803,16.278744
2804,19.563803
2805,35.97227
2806,48.094592999999996
2807,48.99622
2808,48.098896
2809,25.742105
2810,16.012201
2811,20.724512
2812,15.866253
2813,14.917073
2814,19.532621
2815,44.34109
2816,35.903023
2817,48.503365
2818,24.681816
2819,24.687237
2820,21.859417
2821,20.06106
2822,32.54908
2823,40.22334
2824,35.824496999999994
2825,43.311855
2826,46.525166
2827,46.83266
2828,46.648064
2829,42.9667
2830,34.81811
2831,36.265984
2832,36.64895
2833,37.404385
2834,39.117287
2835,34.261790000000005
2836,36.850952
2837,47.815815
2838,47.05345
2839,14.567844000000001
2840,22.063309
2841,21.089184
2842,19.59096
2843,17.45066
2844,18.76859
2845,13.011722
2846,39.209564
2847,42.335322999999995
2848,47.962345
2849,47.67755
2850,48.342459999999996
2851,47.613457000000004
2852,47.163696
2853,45.27037
2854,18.932254999999998
2855,17.29756
2856,44.381462
2857,38.113323
2858,40.43547
2859,48.924865999999994
2860,25.010218
2861,13.197467000000001
2862,15.454873999999998
2863,19.74205
2864,16.90022
2865,8.418308
2866,18.58452
2867,36.076275
2868,44.293696999999995
2869,38.650913
2870,21.731545999999998
2871,20.133589
2872,21.53164
2873,18.848444
2874,13.017816999999999
2875,38.099655
2876,47.751335
2877,48.793762
2878,48.123047
2879,48.598038
2880,24.851685999999997
2881,15.982814000000001
2882,20.249865
2883,22.152645
2884,18.962803
2885,16.215529999999998
2886,12.025754
2887,45.75867
2888,38.012775
2889,48.278304999999996
2890,47.774143
2891,46.769196
2892,41.172462
2893,21.509129
2894,22.526018
2895,20.25236
2896,17.80511
2897,20.161198000000002
2898,31.568928000000003
2899,42.736942
2900,35.754954999999995
2901,47.669537
2902,47.140816
2903,39.00558
2904,37.846348
2905,38.34167
2906,41.599655
2907,40.27535
2908,44.49481
2909,37.685432
2910,36.647859999999994
2911,47.46414
2912,47.214245
2913,25.635832
2914,15.076145
2915,24.642854999999997
2916,22.521607999999997
2917,23.688776
2918,40.14727
2919,45.115593
2920,47.75929
2921,48.257988
2922,47.293743
2923,24.714588
2924,20.198960999999997
2925,21.479134
2926,16.906693
2927,11.385597
2928,9.526157000000001
2929,39.538235
2930,48.09957
2931,47.8514
2932,13.601065
2933,15.987504000000001
2934,19.763916000000002
2935,20.6649
2936,17.699165
2937,9.326888
2938,45.617670000000004
2939,40.672996999999995
2940,47.873745
2941,47.60357
2942,47.25282
2943,16.192318
2944,23.054695000000002
2945,23.428349
2946,12.442952
2947,20.941095
2948,44.668343
2949,37.18135
2950,41.948315
2951,48.17292
2952,45.53068
2953,25.047256
2954,16.074398000000002
2955,21.753933
2956,19.95695
2957,16.998317999999998
2958,18.610032999999998
2959,20.559282
2960,45.733753
2961,37.77619
2962,46.68448
2963,48.677326
2964,41.571484000000005
2965,25.765123000000003
2966,21.119007
2967,23.389843
2968,23.40575
2969,20.624146
2970,21.31194
2971,31.91957
2972,45.23963
2973,47.877796000000004
2974,47.547405
2975,44.169346000000004
2976,40.50111
2977,33.70748
2978,46.350559999999994
2979,24.136305
2980,22.654564
2981,18.1916
2982,19.551445
2983,15.198298000000001
2984,12.017892999999999
2985,45.382459999999995
2986,48.265434
2987,48.01726
2988,48.001472
2989,44.710440000000006
2990,14.3841505
2991,17.029688
2992,25.544907000000002
2993,23.33439
2994,18.549847
2995,11.970822
2996,20.293064
2997,44.027252000000004
2998,44.70875
2999,48.84308
3000,47.856598
3001,47.302859999999995
3002,22.856468
3003,18.380077
3004,16.653265
3005,8.808232
3006,40.213646000000004
3007,44.38906
3008,46.949726
3009,45.007465
3010,19.39924
3011,20.001165
3012,20.777912
3013,38.849213
3014,44.02922
3015,35.365604
3016,48.309734000000006
3017,24.528979999999997
3018,20.997515
3019,17.60484
3020,15.481778
3021,9.681847
3022,19.478282999999998
3023,33.032234
3024,45.416340000000005
3025,40.207214
3026,19.541412
3027,16.032848
3028,19.95164
3029,18.825241000000002
3030,18.982248000000002
3031,34.37458
3032,43.550186
3033,45.9839
3034,45.48834
3035,46.18835
3036,42.284637
3037,38.376290000000004
3038,38.004546999999995
3039,38.821697
3040,37.896440000000005
3041,39.00459
3042,34.549766999999996
3043,44.013493
3044,43.967929999999996
3045,44.20565
3046,47.075092
3047,47.452396
3048,44.200264000000004
3049,14.616326999999998
3050,24.984196
3051,20.24814
3052,21.373077
3053,16.13702
3054,19.601318
3055,15.088166000000001
3056,46.570747
3057,47.96972
3058,48.708027
3059,47.891975
3060,48.220245
3061,16.533005
3062,22.332388
3063,18.175613000000002
3064,15.085833
3065,16.797629999999998
3066,16.500405999999998
3067,11.107134
3068,44.39215
3069,39.465084000000004
3070,48.796192
3071,48.308409999999995
3072,47.51059
3073,47.159843
3074,24.483564
3075,21.639682999999998
3076,21.568003
3077,17.401587
3078,17.107405
3079,17.00779
3080,8.871812
3081,36.510845
3082,44.25233
3083,43.8226
3084,48.682204999999996
3085,47.789047
3086,47.535645
3087,24.880419
3088,16.455654
3089,19.390713
3090,21.773733
3091,15.984538
3092,16.710972
3093,14.849703
3094,37.763123
3095,36.15656
3096,49.386333
3097,47.532641999999996
3098,24.880684
3099,19.783993
3100,20.887976000000002
3101,16.75596
3102,16.626026
3103,16.143798999999998
3104,9.298344
3105,37.792553000000005
3106,37.424816
3107,46.718666
3108,48.003197
3109,47.106274
3110,23.475878
3111,20.025375
3112,16.516810999999997
3113,18.973534
3114,31.920053000000003
3115,34.492393
3116,46.547295
3117,47.126644
3118,43.407528000000006
3119,39.678470000000004
3120,37.085796
3121,38.52344
3122,39.12623
3123,39.14026
3124,39.30912
3125,34.69806
3126,37.103302
3127,36.81188
3128,44.42158
3129,47.172268
3130,47.549572
3131,46.474583
3132,46.783066
3133,24.944172000000002
3134,14.892792000000002
3135,17.188585
3136,23.039728
3137,23.40395
3138,19.173834
3139,13.335766
3140,47.437508
3141,22.095407
3142,17.722988
3143,16.18573
3144,11.536992
3145,10.792459
3146,47.98782
3147,48.726128
3148,46.559326
3149,44.196526
3150,13.433285
3151,9.488582000000001
3152,35.00495
3153,43.807808
3154,48.502373
3155,47.355812
3156,13.863578
3157,22.061666
3158,17.983429
3159,16.272472
3160,15.425048
3161,48.189323
3162,45.274612
3163,24.878629999999998
3164,13.84729
3165,18.861303
3166,16.312634
3167,17.478952
3168,14.912569
3169,8.338399
3170,19.986701999999998
3171,34.344879999999996
3172,47.995647
3173,48.811783
3174,48.446490000000004
3175,26.472247999999997
3176,23.095072000000002
3177,20.26679
3178,17.410795
3179,18.218287
3180,19.45629
3181,21.41935
3182,19.983553
3183,42.078625
3184,34.266438
3185,35.359524
3186,44.895416
3187,47.53358
3188,47.348984
3189,47.20319
3190,46.393646000000004
3191,43.724094
3192,39.74496
3193,39.10095
3194,38.977848
3195,39.887423999999996
3196,45.258945000000004
3197,47.952824
3198,48.380936
3199,47.035759999999996
3200,48.23602
3201,45.077995
3202,26.388939
3203,15.635218
3204,19.139662
3205,14.736925
3206,13.412004000000001
3207,39.395893
3208,46.6276
3209,39.58376
3210,48.50608
3211,47.127646999999996
3212,47.967487
3213,47.167590000000004
3214,44.681965000000005
3215,16.71011
3216,21.960138
3217,16.33248
3218,37.776844
3219,37.399066999999995
3220,40.665929999999996
3221,48.688365999999995
3222,47.309933
3223,48.149772999999996
3224,20.227660999999998
3225,21.750664
3226,17.855106
3227,10.118962
3228,36.921345
3229,38.63713
3230,43.777029999999996
3231,48.635234999999994
3232,47.47189
3233,48.47957
3234,47.087115999999995
3235,20.499668
3236,18.216585000000002
3237,15.685378
3238,16.879580999999998
3239,8.929646
3240,19.693189999999998
3241,43.28052
3242,48.57397
3243,48.236588
3244,25.853884
3245,14.993541
3246,17.323866
3247,20.083776
3248,20.316677
3249,15.751747
3250,14.035468
3251,15.554719
3252,18.563694
3253,35.971745
3254,29.14397
3255,34.17662
3256,49.368248
3257,48.68973
3258,23.652166
3259,25.499622
3260,17.600372
3261,17.069084
3262,40.44188
3263,38.114740000000005
3264,32.880028
3265,44.89358
3266,47.29048
3267,40.242683
3268,39.827545
3269,40.20337
3270,39.40775
3271,35.924587
3272,44.769314
3273,46.45782
3274,45.785423
3275,15.685807
3276,19.191848999999998
3277,17.188055
3278,13.167264999999999
3279,23.29355
3280,35.417183
3281,46.854744000000004
3282,48.269093
3283,47.280537
3284,25.47384
3285,21.01611
3286,18.497460999999998
3287,18.689783
3288,15.768057
3289,16.58979
3290,12.607696
3291,11.863161999999999
3292,38.894062
3293,45.971657
3294,37.649235
3295,39.40065
3296,47.241108000000004
3297,47.920162
3298,45.08724
3299,21.963832999999997
3300,17.975657
3301,15.658522
3302,48.878322999999995
3303,47.883140000000004
3304,48.730034
3305,48.005943
3306,25.672026000000002
3307,15.794257
3308,18.064982999999998
3309,18.569021
3310,16.719107
3311,10.846444
3312,20.359756
3313,33.653084
3314,48.335648
3315,49.385548
3316,47.560944
3317,45.1958
3318,25.376587
3319,16.189129
3320,16.891525
3321,20.50773
3322,20.137901
3323,15.5048685
3324,16.319801000000002
3325,12.5016365
3326,8.21139
3327,18.282928
3328,35.456875
3329,42.75184
3330,48.44465
3331,48.406277
3332,23.37667
3333,23.871365
3334,44.641388
3335,47.16807
3336,47.29787
3337,47.152077
3338,43.51655
3339,40.99889
3340,42.73279
3341,40.796929999999996
3342,35.631157
3343,42.212055
3344,24.327644
3345,37.567017
3346,46.377174
3347,46.788128
3348,45.9456
3349,43.95393
3350,24.70261
3351,14.133026000000001
3352,17.285147
3353,15.568546
3354,10.864873
3355,20.941129999999998
3356,38.817513
3357,45.64682
3358,47.57456
3359,48.547005
3360,25.435816
3361,19.935545
3362,21.339717999999998
3363,15.102041
3364,10.746068
3365,18.704338
3366,38.53215
3367,48.031456
3368,45.355553
3369,26.264374
3370,15.115038
3371,38.46784
3372,42.467236
3373,47.67502
3374,49.1553
3375,48.290054
3376,48.276802
3377,28.843313000000002
3378,11.631416999999999
3379,13.392816
3380,20.46353
3381,14.564582000000001
3382,15.068622
3383,13.28346
3384,4.0138564
3385,14.779878
3386,32.320877
3387,47.449184
3388,30.092062
3389,23.909054
3390,8.793337
3391,17.495197
3392,27.773079
3393,47.34652
3394,48.714363
3395,48.254333
3396,47.139885
3397,25.134473999999997
3398,25.944813
3399,19.41055
3400,19.901173
3401,20.259695
3402,20.086306
3403,19.16014
3404,24.944614
3405,44.481747
3406,47.65377
3407,47.4546
3408,47.308803999999995
3409,46.49926
3410,47.781956
3411,42.37055
3412,39.686577
3413,39.544308
3414,31.990915
3415,47.70921
3416,45.461659999999995
3417,17.699876999999997
3418,27.547527000000002
3419,19.699102
3420,18.68724
3421,14.541978
3422,13.511435999999998
3423,40.932159999999996
3424,48.803196
3425,48.810944
3426,48.607906
3427,45.995585999999996
3428,31.488426
3429,32.974953
3430,31.544846999999997
3431,27.077158
3432,27.466935999999997
3433,20.378439999999998
3434,18.46945
3435,34.113983000000005
3436,42.18745
3437,47.735855
3438,49.999970000000005
3439,48.651917
3440,48.374958
3441,32.722923
3442,27.376888
3443,25.968718
3444,19.718020000000003
3445,17.219160000000002
3446,33.663795
3447,41.164429999999996
3448,48.000786
3449,47.127632
3450,48.27615
3451,46.925740000000005
3452,44.992577000000004
3453,38.67014
3454,25.905212
3455,21.953415
3456,21.041706
3457,18.687128
3458,11.696835
3459,46.140507
3460,48.67386
3461,48.682014
3462,47.134182
3463,46.978770000000004
3464,21.631788
3465,18.871584
3466,19.291899
3467,19.665121
3468,12.165148
3469,36.66142
3470,48.09932
3471,48.006226
3472,31.383118
3473,25.941074
3474,25.836273000000002
3475,25.121412
3476,35.03435
3477,40.965706
3478,37.319305
3479,44.732659999999996
3480,46.77617
3481,47.353283000000005
3482,46.859978000000005
3483,46.71418
3484,47.53398
3485,47.20106
3486,45.799890000000005
3487,43.592216
3488,42.749590000000005
3489,38.727309999999996
3490,38.216507
3491,44.753956
3492,44.55314
3493,46.94692
3494,46.371037
3495,45.098015000000004
3496,29.940015999999996
3497,21.099382000000002
3498,18.015919
3499,11.57731
3500,26.446398
3501,47.108624
3502,42.59339
3503,43.939125
